{
  "target_simulator": "NEURON",
  "run": {
    "tstop": 1000.0,
    "dt": 0.1,
    "dL": 20.0,
    "spike_threshold": -15.0,
    "nsteps_block": 5000
  },
  "conditions": {
    "celsius": 34.0,
    "v_init": -50.0
  },
  "node_sets": {
    "hco1": {
      "cell_name": "HCOCell1"
    }
  },
  "inputs": {
    "current_clamp": {
      "input_type": "current_clamp",
      "module": "IClamp",
      "node_set": "hco1",
      "amp": 1.0,
      "delay": 50.0,
      "duration": 10.0
    }
  },
  "output": {
    "log_file": "log.txt",
    "output_dir": "./output",
    "spikes_file": "spikes.h5",
    "spikes_file_csv": "spikes.csv",
    "overwrite_output_dir": true
  },
  "reports": {
    "membrane_report": {
      "module": "membrane_report",
      "cells": "all",
      "variable_name": [
        "cai",
        "v"
      ],
      "file_name": "cell_vars.h5",
      "sections": "soma"
    }
  },
  "network": "./circuit_config1.json",
  "config_path": "C:\\Users\\Tyler\\Desktop\\git_stage\\bmtk-howto\\my_bmtk_model\\simulation_config1.json",
  "config_dir": "C:\\Users\\Tyler\\Desktop\\git_stage\\bmtk-howto\\my_bmtk_model",
  "components": {
    "morphologies_dir": "./biophys_components/morphologies",
    "synaptic_models_dir": "./biophys_components/synaptic_models",
    "mechanisms_dir": "./biophys_components/mechanisms",
    "biophysical_neuron_models_dir": "./biophys_components/biophysical_neuron_templates",
    "point_neuron_models_dir": "./biophys_components/point_neuron_templates",
    "templates_dir": "./biophys_components/hoc_templates"
  },
  "networks": {
    "nodes": [
      {
        "nodes_file": ".\\network\\hco_net_nodes.h5",
        "node_types_file": ".\\network\\hco_net_node_types.csv"
      }
    ],
    "edges": [
      {
        "edges_file": ".\\network\\hco_net_hco_net_edges.h5",
        "edge_types_file": ".\\network\\hco_net_hco_net_edge_types.csv"
      }
    ]
  }
}