{
  "manifest": {
    "$BASE_DIR": ".",
    "$COMPONENTS_DIR": "$BASE_DIR/biophys_components",
    "$NETWORK_DIR": "$BASE_DIR\\network"
  },
  "components": {
    "morphologies_dir": "$COMPONENTS_DIR/morphologies",
    "synaptic_models_dir": "$COMPONENTS_DIR/synaptic_models",
    "mechanisms_dir": "$COMPONENTS_DIR/mechanisms",
    "biophysical_neuron_models_dir": "$COMPONENTS_DIR/biophysical_neuron_templates",
    "point_neuron_models_dir": "$COMPONENTS_DIR/point_neuron_templates",
    "templates_dir":"$COMPONENTS_DIR/hoc_templates"
  },
  "networks": {
    "nodes": [
      {
        "nodes_file": "$NETWORK_DIR\\hco_net_nodes.h5",
        "node_types_file": "$NETWORK_DIR\\hco_net_node_types.csv"
      }
    ],
    "edges": [
      {
        "edges_file": "$NETWORK_DIR\\hco_net_hco_net_edges.h5",
        "edge_types_file": "$NETWORK_DIR\\hco_net_hco_net_edge_types.csv" 
      }
    ]
  }
}