{
  "manifest": {
    "$BASE_DIR": ".",
    "$OUTPUT_DIR": "$BASE_DIR/output"
  },
  "target_simulator": "NEURON",
  "run": {
    "tstop": 1000.0,
    "dt": 0.01,
    "dL": 20.0,
    "spike_threshold": -15.0,
    "nsteps_block": 5000
  },
  "conditions": {
    "celsius": 34.0,
    "v_init": -50.0
  },
  "inputs": {
  "current_clamp": {
      "input_type": "current_clamp",
      "module": "IClamp",
      "node_set": "all",
      "amp": 1.0,
      "delay": 50.0,
      "duration": 10.0
    }
  },
  "output": {
    "log_file": "log.txt",
    "output_dir": "${OUTPUT_DIR}",
    "spikes_file": "spikes.h5",
    "spikes_file_csv": "spikes.csv",
    "overwrite_output_dir": true
  },
  "reports": {
      "membrane_report": {
      "module": "membrane_report",
      "cells": "all",
      "variable_name": [
        "cai",
        "v"
      ],
      "file_name": "cell_vars.h5",
      "sections": "soma"
    }
},
  "network": "./circuit_config.json"
}